word,webPublicationDate,count
huawei,20/05/2019,9
china,30/05/2019,7
china,21/05/2019,6
mexico,31/05/2019,5
us,21/05/2019,5
huawei,21/05/2019,5
huawei,16/05/2019,5
china,22/05/2019,4
president,17/05/2019,4
tariffs,31/05/2019,4
google,20/05/2019,4
trump,24/05/2019,3
trump,17/05/2019,3
chinese,16/05/2019,3
know,21/05/2019,3
tech,20/05/2019,3
trade,20/05/2019,3
china,23/05/2019,3
trade,23/05/2019,3
us,16/05/2019,3
time,22/05/2019,3
china,31/05/2019,3
chips,21/05/2019,3
company,22/05/2019,3
canada,17/05/2019,3
chinese,22/05/2019,3
white,29/05/2019,3
technology,20/05/2019,3
need,21/05/2019,3
house,29/05/2019,3
tax,31/05/2019,2
canada,31/05/2019,2
attention,21/05/2019,2
detained,16/05/2019,2
growing,29/05/2019,2
house,31/05/2019,2
call,28/05/2019,2
find,30/05/2019,2
retaliation,16/05/2019,2
europe,31/05/2019,2
united,20/05/2019,2
rise,31/05/2019,2
considering,28/05/2019,2
hong,28/05/2019,2
chinese,31/05/2019,2
reliant,21/05/2019,2
economic,31/05/2019,2
must,27/05/2019,2
parts,15/05/2019,2
need,20/05/2019,2
swipe,24/05/2019,2
american,15/05/2019,2
hikvision,22/05/2019,2
huawei,24/05/2019,2
supporters,16/05/2019,2
western,27/05/2019,2
hamstring,20/05/2019,2
charged,22/05/2019,2
yield,29/05/2019,2
dispute,23/05/2019,2
around,16/05/2019,2
semiconductor,21/05/2019,2
took,21/05/2019,2
us,30/05/2019,2
links,28/05/2019,2
china,20/05/2019,2
imported,21/05/2019,2
vancouver,16/05/2019,2
moves,20/05/2019,2
says,21/05/2019,2
chain,24/05/2019,2
approval,15/05/2019,2
said,17/05/2019,2
china,29/05/2019,2
one,27/05/2019,2
us,23/05/2019,2
white,31/05/2019,2
stocks,20/05/2019,2
smartphone,24/05/2019,2
naked,30/05/2019,2
start,31/05/2019,2
around,31/05/2019,2
know,30/05/2019,2
conflicts,31/05/2019,2
chip,22/05/2019,2
calls,29/05/2019,2
data,27/05/2019,2
tech,16/05/2019,2
weakening,28/05/2019,2
expectations,16/05/2019,2
need,29/05/2019,2
deal,17/05/2019,2
federal,22/05/2019,2
assault,31/05/2019,2
ball,21/05/2019,2
start,21/05/2019,2
develop,21/05/2019,2
choose,27/05/2019,2
states,20/05/2019,2
need,30/05/2019,2
us,20/05/2019,2
broad,31/05/2019,2
postwar,31/05/2019,2
based,27/05/2019,2
plenty,16/05/2019,2
china,27/05/2019,2
listing,28/05/2019,2
immigrants,31/05/2019,2
without,15/05/2019,2
assange,23/05/2019,2
two,16/05/2019,2
giant,20/05/2019,2
leaders,27/05/2019,2
soon,30/05/2019,2
announced,15/05/2019,2
help,21/05/2019,2
blame,16/05/2019,2
flow,31/05/2019,2
seeking,15/05/2019,2
authoritarian,27/05/2019,2
tariffs,17/05/2019,2
like,15/05/2019,2
outside,29/05/2019,2
markets,28/05/2019,2
economic,30/05/2019,2
divided,27/05/2019,2
self,27/05/2019,2
computer,21/05/2019,2
billion,31/05/2019,2
human,21/05/2019,2
values,27/05/2019,2
efforts,21/05/2019,2
world,31/05/2019,2
global,27/05/2019,2
focus,30/05/2019,2
threat,27/05/2019,2
grid,30/05/2019,2
greater,27/05/2019,2
p,16/05/2019,2
say,16/05/2019,2
terrorism,30/05/2019,2
day,21/05/2019,2
among,20/05/2019,2
typically,29/05/2019,2
business,20/05/2019,2
amounts,16/05/2019,2
good,29/05/2019,2
block,20/05/2019,2
war,18/05/2019,2
white,28/05/2019,2
dare,31/05/2019,2
trade,16/05/2019,2
internet,27/05/2019,2
get,21/05/2019,2
u,31/05/2019,2
companies,23/05/2019,2
inside,29/05/2019,2
also,15/05/2019,2
international,20/05/2019,2
financial,29/05/2019,2
war,23/05/2019,2
ties,31/05/2019,2
tariffs,30/05/2019,2
alibaba,28/05/2019,2
new,31/05/2019,2
u,28/05/2019,2
decision,22/05/2019,2
companies,20/05/2019,2
war,20/05/2019,2
add,31/05/2019,2
regime,27/05/2019,2
europe,30/05/2019,2
know,22/05/2019,2
julian,23/05/2019,2
across,22/05/2019,2
financial,28/05/2019,2
reliant,27/05/2019,2
chinese,20/05/2019,2
administration,15/05/2019,2
stop,31/05/2019,2
17,31/05/2019,2
blow,20/05/2019,2
various,31/05/2019,2
sign,29/05/2019,2
argues,27/05/2019,2
arrest,16/05/2019,2
took,24/05/2019,2
curve,29/05/2019,2
trade,30/05/2019,2
story,16/05/2019,2
tech,21/05/2019,2
disappointing,16/05/2019,2
o,16/05/2019,2
even,27/05/2019,2
threat,16/05/2019,2
next,24/05/2019,2
december,16/05/2019,2
japan,31/05/2019,2
mismanaged,16/05/2019,2
wrecking,21/05/2019,2
know,29/05/2019,2
placed,15/05/2019,2
list,15/05/2019,2
trump,30/05/2019,2
companies,31/05/2019,2
heavily,21/05/2019,2
nanjing,30/05/2019,2
uber,16/05/2019,2
go,16/05/2019,2
house,28/05/2019,2
weakening,29/05/2019,2
inside,28/05/2019,2
fees,22/05/2019,2
motion,24/05/2019,2
u,29/05/2019,2
outside,28/05/2019,2
kong,28/05/2019,2
judge,22/05/2019,2
undocumented,31/05/2019,2
war,21/05/2019,2
men,16/05/2019,2
executive,16/05/2019,2
china,15/05/2019,2
may,30/05/2019,2
fight,30/05/2019,2
trump,21/05/2019,2
trade,24/05/2019,2
build,31/05/2019,2
buying,15/05/2019,2
commerce,28/05/2019,2
need,22/05/2019,2
espionage,23/05/2019,2
markets,29/05/2019,2
year,31/05/2019,2
president,30/05/2019,2
prevented,15/05/2019,2
shares,28/05/2019,2
trade,21/05/2019,2
set,24/05/2019,2
president,24/05/2019,2
power,30/05/2019,2
events,24/05/2019,2
escalating,20/05/2019,2
goods,31/05/2019,2
giant,22/05/2019,2
supply,30/05/2019,2
tale,16/05/2019,2
despite,21/05/2019,2
industry,21/05/2019,2
technologies,15/05/2019,2
charges,23/05/2019,2
e,28/05/2019,2
cold,20/05/2019,2
chinese,29/05/2019,2
case,16/05/2019,2
giant,28/05/2019,2
washington,27/05/2019,2
war,17/05/2019,2
china,28/05/2019,2
imported,31/05/2019,2
inverted,29/05/2019,2
firms,15/05/2019,2
joins,23/05/2019,2
effort,31/05/2019,2
latest,24/05/2019,2
affect,24/05/2019,2
links,29/05/2019,2
company,15/05/2019,2
growing,23/05/2019,1
technologies,17/05/2019,1
mean,27/05/2019,1
results,31/05/2019,1
giant,16/05/2019,1
drop,22/05/2019,1
backlash,16/05/2019,1
cold,31/05/2019,1
economic,22/05/2019,1
falling,21/05/2019,1
launch,21/05/2019,1
boats,16/05/2019,1
letter,17/05/2019,1
former,16/05/2019,1
completed,30/05/2019,1
small,25/05/2019,1
stories,18/05/2019,1
happened,20/05/2019,1
end,20/05/2019,1
pai,20/05/2019,1
flow,20/05/2019,1
must,25/05/2019,1
haul,30/05/2019,1
shock,31/05/2019,1
surveillance,22/05/2019,1
assess,24/05/2019,1
users,20/05/2019,1
real,30/05/2019,1
existing,25/05/2019,1
delay,17/05/2019,1
promises,15/05/2019,1
restricting,16/05/2019,1
conflict,21/05/2019,1
aid,23/05/2019,1
companies,24/05/2019,1
america,21/05/2019,1
china,24/05/2019,1
market,23/05/2019,1
mcgahn,21/05/2019,1
editorial,20/05/2019,1
rural,20/05/2019,1
market,31/05/2019,1
party,22/05/2019,1
plan,31/05/2019,1
versus,20/05/2019,1
working,24/05/2019,1
eagerness,17/05/2019,1
tool,15/05/2019,1
making,30/05/2019,1
white,16/05/2019,1
fell,16/05/2019,1
secretary,31/05/2019,1
washington,28/05/2019,1
makers,22/05/2019,1
sight,30/05/2019,1
prospect,20/05/2019,1
launch,22/05/2019,1
warns,17/05/2019,1
fall,20/05/2019,1
countries,16/05/2019,1
administration,23/05/2019,1
need,15/05/2019,1
mexico,17/05/2019,1
beijing,24/05/2019,1
perhaps,25/05/2019,1
increase,15/05/2019,1
line,20/05/2019,1
two,20/05/2019,1
fifth,20/05/2019,1
telecommunications,29/05/2019,1
profile,29/05/2019,1
moves,30/05/2019,1
fight,23/05/2019,1
good,20/05/2019,1
equipment,25/05/2019,1
day,16/05/2019,1
trump,31/05/2019,1
clash,23/05/2019,1
something,31/05/2019,1
escalating,28/05/2019,1
iran,15/05/2019,1
trump,20/05/2019,1
iran,20/05/2019,1
push,17/05/2019,1
pound,24/05/2019,1
since,22/05/2019,1
trump,16/05/2019,1
webtitle,webPublicationDate,1
unsure,24/05/2019,1
prime,17/05/2019,1
ajit,20/05/2019,1
u,17/05/2019,1
development,20/05/2019,1
secured,20/05/2019,1
banning,17/05/2019,1
proliferate,31/05/2019,1
slide,23/05/2019,1
honor,21/05/2019,1
lauda,21/05/2019,1
intelligence,16/05/2019,1
may,17/05/2019,1
conference,31/05/2019,1
significant,20/05/2019,1
tensions,28/05/2019,1
communist,29/05/2019,1
united,18/05/2019,1
shifting,30/05/2019,1
markets,23/05/2019,1
oliver,21/05/2019,1
20,21/05/2019,1
game,20/05/2019,1
photos,16/05/2019,1
crisis,18/05/2019,1
sgcc,30/05/2019,1
far,17/05/2019,1
deepening,23/05/2019,1
week,17/05/2019,1
dispute,30/05/2019,1
trade,17/05/2019,1
communist,22/05/2019,1
politics,18/05/2019,1
cold,21/05/2019,1
blacklisting,16/05/2019,1
house,20/05/2019,1
negotiations,28/05/2019,1
pound,22/05/2019,1
briefing,21/05/2019,1
adds,20/05/2019,1
cellphone,22/05/2019,1
economic,15/05/2019,1
weekend,31/05/2019,1
month,28/05/2019,1
trade,18/05/2019,1
defense,31/05/2019,1
apparent,31/05/2019,1
tech,24/05/2019,1
alarmed,16/05/2019,1
without,31/05/2019,1
volatile,24/05/2019,1
uk,16/05/2019,1
punished,22/05/2019,1
factories,21/05/2019,1
happened,21/05/2019,1
missiles,16/05/2019,1
sell,20/05/2019,1
appeal,22/05/2019,1
little,23/05/2019,1
thrones,20/05/2019,1
speed,20/05/2019,1
trade,28/05/2019,1
shaken,31/05/2019,1
heating,31/05/2019,1
whose,17/05/2019,1
percent,31/05/2019,1
list,23/05/2019,1
farmers,23/05/2019,1
isolating,20/05/2019,1
hardship,22/05/2019,1
political,17/05/2019,1
far,22/05/2019,1
country,22/05/2019,1
said,20/05/2019,1
ambitions,22/05/2019,1
response,31/05/2019,1
level,22/05/2019,1
company,30/05/2019,1
globe,22/05/2019,1
competition,22/05/2019,1
support,22/05/2019,1
carriers,25/05/2019,1
company,25/05/2019,1
ruling,22/05/2019,1
history,22/05/2019,1
fulfilling,15/05/2019,1
early,22/05/2019,1
6,31/05/2019,1
signals,24/05/2019,1
nothing,31/05/2019,1
details,31/05/2019,1
war,16/05/2019,1
small,16/05/2019,1
re,24/05/2019,1
market,22/05/2019,1
patrick,31/05/2019,1
recent,17/05/2019,1
trade,15/05/2019,1
onerous,22/05/2019,1
meaningful,31/05/2019,1
without,21/05/2019,1
electricity,30/05/2019,1
period,21/05/2019,1
judgment,29/05/2019,1
fire,16/05/2019,1
stepping,17/05/2019,1
tells,30/05/2019,1
wants,31/05/2019,1
controlled,29/05/2019,1
huawei,23/05/2019,1
spy,14/05/2019,1
new,16/05/2019,1
silence,29/05/2019,1
turned,22/05/2019,1
donald,21/05/2019,1
impact,17/05/2019,1
auto,17/05/2019,1
runner,15/05/2019,1
threatens,20/05/2019,1
expansion,25/05/2019,1
date,24/05/2019,1
giant,17/05/2019,1
help,29/05/2019,1
ban,20/05/2019,1
protracted,24/05/2019,1
network,30/05/2019,1
jinping,17/05/2019,1
know,23/05/2019,1
technology,16/05/2019,1
demonstrated,17/05/2019,1
virtual,22/05/2019,1
brexit,24/05/2019,1
almost,31/05/2019,1
phone,21/05/2019,1
first,30/05/2019,1
founder,21/05/2019,1
environment,30/05/2019,1
seemed,23/05/2019,1
iran,16/05/2019,1
jamie,21/05/2019,1
using,20/05/2019,1
broadcom,20/05/2019,1
done,31/05/2019,1
want,17/05/2019,1
broadband,20/05/2019,1
global,17/05/2019,1
grown,28/05/2019,1
rhetoric,23/05/2019,1
goads,20/05/2019,1
ahead,24/05/2019,1
opening,17/05/2019,1
operations,16/05/2019,1
government,14/05/2019,1
washington,23/05/2019,1
first,22/05/2019,1
features,17/05/2019,1
end,30/05/2019,1
ll,23/05/2019,1
mueller,29/05/2019,1
selling,20/05/2019,1
front,17/05/2019,1
complexity,28/05/2019,1
ramps,23/05/2019,1
aides,17/05/2019,1
mobile,20/05/2019,1
turn,23/05/2019,1
citizens,17/05/2019,1
telecommunications,22/05/2019,1
breakdown,28/05/2019,1
boost,20/05/2019,1
company,17/05/2019,1
street,23/05/2019,1
summary,29/05/2019,1
world,23/05/2019,1
officials,31/05/2019,1
network,29/05/2019,1
wall,23/05/2019,1
restaurant,21/05/2019,1
hurt,23/05/2019,1
fallout,31/05/2019,1
find,23/05/2019,1
india,22/05/2019,1
china,17/05/2019,1
spread,22/05/2019,1
changing,31/05/2019,1
stoking,17/05/2019,1
gear,25/05/2019,1
nvidia,23/05/2019,1
excerpts,17/05/2019,1
week,31/05/2019,1
firm,21/05/2019,1
administration,24/05/2019,1
states,18/05/2019,1
white,20/05/2019,1
filed,29/05/2019,1
u,23/05/2019,1
media,23/05/2019,1
android,21/05/2019,1
guardian,20/05/2019,1
keep,24/05/2019,1
one,20/05/2019,1
region,22/05/2019,1
orders,21/05/2019,1
computers,17/05/2019,1
know,20/05/2019,1
counter,22/05/2019,1
prime,15/05/2019,1
walking,23/05/2019,1
defies,21/05/2019,1
posed,18/05/2019,1
know,15/05/2019,1
responding,16/05/2019,1
government,16/05/2019,1
global,24/05/2019,1
vodafone,22/05/2019,1
important,23/05/2019,1
farmers,24/05/2019,1
smartphone,22/05/2019,1
back,17/05/2019,1
front,15/05/2019,1
obscure,21/05/2019,1
huawei,30/05/2019,1
start,16/05/2019,1
hurt,17/05/2019,1
giant,29/05/2019,1
know,16/05/2019,1
decision,28/05/2019,1
companies,30/05/2019,1
blockade,20/05/2019,1
always,20/05/2019,1
much,21/05/2019,1
minister,17/05/2019,1
race,17/05/2019,1
stay,24/05/2019,1
firms,23/05/2019,1
small,17/05/2019,1
big,17/05/2019,1
misjudged,17/05/2019,1
rising,15/05/2019,1
us,24/05/2019,1
crucial,15/05/2019,1
hit,21/05/2019,1
buy,16/05/2019,1
curtailed,17/05/2019,1
sway,15/05/2019,1
foothold,29/05/2019,1
stop,20/05/2019,1
android,20/05/2019,1
blasts,16/05/2019,1
hurt,24/05/2019,1
need,16/05/2019,1
markets,31/05/2019,1
escalating,21/05/2019,1
boeing,18/05/2019,1
price,17/05/2019,1
commitments,20/05/2019,1
center,23/05/2019,1
finale,20/05/2019,1
chief,16/05/2019,1
consumers,22/05/2019,1
well,17/05/2019,1
interview,17/05/2019,1
officials,17/05/2019,1
5g,22/05/2019,1
reportedly,20/05/2019,1
slice,30/05/2019,1
bargaining,15/05/2019,1
francisco,17/05/2019,1
provoking,30/05/2019,1
making,20/05/2019,1
service,20/05/2019,1
security,31/05/2019,1
yielding,31/05/2019,1
security,16/05/2019,1
disinformation,31/05/2019,1
might,21/05/2019,1
another,17/05/2019,1
proposed,28/05/2019,1
happened,22/05/2019,1
seem,31/05/2019,1
inexpensive,25/05/2019,1
looked,15/05/2019,1
believed,17/05/2019,1
huawei,14/05/2019,1
might,18/05/2019,1
america,29/05/2019,1
network,20/05/2019,1
briefing,16/05/2019,1
sign,14/05/2019,1
grappled,20/05/2019,1
us,22/05/2019,1
sees,15/05/2019,1
regan,29/05/2019,1
liu,29/05/2019,1
especially,20/05/2019,1
elections,27/05/2019,1
disputes,30/05/2019,1
markets,24/05/2019,1
nations,31/05/2019,1
accuses,30/05/2019,1
busy,18/05/2019,1
hamstring,16/05/2019,1
negotiators,17/05/2019,1
temporary,15/05/2019,1
director,17/05/2019,1
economy,22/05/2019,1
mollify,23/05/2019,1
corporate,21/05/2019,1
tech,31/05/2019,1
choice,23/05/2019,1
tumbled,23/05/2019,1
ban,21/05/2019,1
even,17/05/2019,1
uighurs,22/05/2019,1
global,31/05/2019,1
backs,23/05/2019,1
investors,23/05/2019,1
step,22/05/2019,1
panasonic,23/05/2019,1
phone,20/05/2019,1
automakers,28/05/2019,1
stocks,31/05/2019,1
china,16/05/2019,1
seemed,31/05/2019,1
another,18/05/2019,1
american,17/05/2019,1
google,22/05/2019,1
normal,15/05/2019,1
found,22/05/2019,1
success,22/05/2019,1
face,22/05/2019,1
reacting,23/05/2019,1
lowest,22/05/2019,1
divided,16/05/2019,1
ambivalence,18/05/2019,1
defense,17/05/2019,1
xi,17/05/2019,1
threats,31/05/2019,1
talks,31/05/2019,1
worldwide,16/05/2019,1
winners,20/05/2019,1
components,20/05/2019,1
times,17/05/2019,1
tensions,20/05/2019,1
need,24/05/2019,1
continue,23/05/2019,1
shares,23/05/2019,1
happened,24/05/2019,1
niki,21/05/2019,1
american,21/05/2019,1
tech,17/05/2019,1
rocked,24/05/2019,1
allies,16/05/2019,1
rippling,22/05/2019,1
company,23/05/2019,1
economy,17/05/2019,1
use,22/05/2019,1
investigation,16/05/2019,1
critics,15/05/2019,1
struggled,29/05/2019,1
war,24/05/2019,1
internet,20/05/2019,1
know,24/05/2019,1
build,20/05/2019,1
shanahan,31/05/2019,1
blow,21/05/2019,1
hard,20/05/2019,1
xinjiang,22/05/2019,1
beyond,22/05/2019,1
tough,29/05/2019,1
counterpart,31/05/2019,1
move,22/05/2019,1
tariff,30/05/2019,1
realizing,23/05/2019,1
breaks,29/05/2019,1
administration,22/05/2019,1
european,27/05/2019,1
view,20/05/2019,1
happened,16/05/2019,1
house,16/05/2019,1
heavy,20/05/2019,1
win,31/05/2019,1
need,23/05/2019,1
alabama,16/05/2019,1
test,30/05/2019,1
heated,28/05/2019,1
makers,23/05/2019,1
android,24/05/2019,1
robust,20/05/2019,1
washington,16/05/2019,1
incubator,22/05/2019,1
plays,29/05/2019,1
detention,22/05/2019,1
raise,29/05/2019,1
poses,16/05/2019,1
google,24/05/2019,1
excessive,22/05/2019,1
re,15/05/2019,1
ee,22/05/2019,1
build,17/05/2019,1
leader,22/05/2019,1
happened,23/05/2019,1
crisis,22/05/2019,1
uk,21/05/2019,1
united,17/05/2019,1
states,17/05/2019,1
week,24/05/2019,1
brexit,22/05/2019,1
end,23/05/2019,1
state,30/05/2019,1
corporation,30/05/2019,1
called,20/05/2019,1
new,15/05/2019,1
u,15/05/2019,1
deepens,24/05/2019,1
firm,22/05/2019,1
prepared,14/05/2019,1
west,22/05/2019,1
american,23/05/2019,1
fear,15/05/2019,1
blockade,31/05/2019,1
chinese,23/05/2019,1
singapore,31/05/2019,1
limits,29/05/2019,1
minister,15/05/2019,1
blacklisted,22/05/2019,1
starting,15/05/2019,1
look,15/05/2019,1
chains,30/05/2019,1
way,20/05/2019,1
iran,17/05/2019,1
happened,30/05/2019,1
phones,22/05/2019,1
cynically,21/05/2019,1
worries,18/05/2019,1
avoid,28/05/2019,1
challenges,29/05/2019,1
xin,29/05/2019,1
freeze,21/05/2019,1
giant,31/05/2019,1
via,29/05/2019,1
american,30/05/2019,1
shouldn,20/05/2019,1
depend,25/05/2019,1
opinion,29/05/2019,1
cut,22/05/2019,1
around,23/05/2019,1
risks,24/05/2019,1
let,21/05/2019,1
expand,20/05/2019,1
involved,28/05/2019,1
underestimated,21/05/2019,1
agreement,14/05/2019,1
asian,31/05/2019,1
shorten,15/05/2019,1
constituency,23/05/2019,1
beijing,28/05/2019,1
merger,28/05/2019,1
rising,31/05/2019,1
relatively,17/05/2019,1
jiangsu,30/05/2019,1
many,25/05/2019,1
skirmishes,21/05/2019,1
foreign,16/05/2019,1
tensions,17/05/2019,1
debate,29/05/2019,1
announced,23/05/2019,1
rages,18/05/2019,1
preparing,31/05/2019,1
apart,16/05/2019,1
nationalism,29/05/2019,1
plenty,28/05/2019,1
week,18/05/2019,1
economy,31/05/2019,1
powerful,17/05/2019,1
survive,21/05/2019,1
supply,20/05/2019,1
fight,24/05/2019,1
acting,31/05/2019,1
fallen,17/05/2019,1
may,31/05/2019,1
ability,16/05/2019,1
network,22/05/2019,1
aid,24/05/2019,1
tariffs,15/05/2019,1
fortunes,17/05/2019,1
rift,24/05/2019,1
talks,16/05/2019,1
ruled,22/05/2019,1
industry,30/05/2019,1
company,21/05/2019,1
missed,18/05/2019,1
automated,22/05/2019,1
remove,17/05/2019,1
beijing,23/05/2019,1
trish,29/05/2019,1
away,23/05/2019,1
testimony,21/05/2019,1
get,20/05/2019,1
cage,22/05/2019,1
tensions,15/05/2019,1
duel,30/05/2019,1
communist,18/05/2019,1
told,17/05/2019,1
investors,20/05/2019,1
war,31/05/2019,1
concessions,15/05/2019,1
happened,31/05/2019,1
phones,24/05/2019,1
semiconductor,20/05/2019,1
experts,29/05/2019,1
hits,23/05/2019,1
jenkins,20/05/2019,1
officials,16/05/2019,1
problems,31/05/2019,1
selloff,23/05/2019,1
continuing,18/05/2019,1
depend,31/05/2019,1
administration,20/05/2019,1
retaliate,31/05/2019,1
early,30/05/2019,1
american,18/05/2019,1
news,20/05/2019,1
party,18/05/2019,1
day,15/05/2019,1
approach,20/05/2019,1
plans,25/05/2019,1
help,16/05/2019,1
qualcomm,23/05/2019,1
april,30/05/2019,1
suppressed,22/05/2019,1
public,29/05/2019,1
secretary,17/05/2019,1
support,20/05/2019,1
grace,21/05/2019,1
economic,29/05/2019,1
rages,22/05/2019,1
authoritarianism,22/05/2019,1
deal,24/05/2019,1
giants,20/05/2019,1
also,18/05/2019,1
replace,25/05/2019,1
economy,23/05/2019,1
everybody,31/05/2019,1
first,15/05/2019,1
licensing,22/05/2019,1
damaging,17/05/2019,1
package,23/05/2019,1
microchips,20/05/2019,1
chip,23/05/2019,1
blacklist,22/05/2019,1
simon,20/05/2019,1
says,16/05/2019,1
end,21/05/2019,1
president,29/05/2019,1
attempt,31/05/2019,1
challenges,22/05/2019,1
frozen,20/05/2019,1
worlds,20/05/2019,1
cuts,20/05/2019,1
metal,17/05/2019,1
courts,29/05/2019,1
patents,22/05/2019,1
invoked,22/05/2019,1
say,29/05/2019,1
fell,31/05/2019,1
long,30/05/2019,1
end,15/05/2019,1
san,17/05/2019,1
january,22/05/2019,1
rethink,25/05/2019,1
gain,29/05/2019,1
american,16/05/2019,1
uk,14/05/2019,1
trump,23/05/2019,1
order,24/05/2019,1
china,18/05/2019,1
crucial,20/05/2019,1
chinese,25/05/2019,1
say,31/05/2019,1
software,20/05/2019,1
order,20/05/2019,1
become,15/05/2019,1
mi6,16/05/2019,1
qualcomm,20/05/2019,1
making,22/05/2019,1
mark,22/05/2019,1
television,29/05/2019,1
kit,22/05/2019,1
thursday,23/05/2019,1
unusual,18/05/2019,1
briefing,20/05/2019,1
compiled,16/05/2019,1
major,20/05/2019,1
sense,23/05/2019,1
party,29/05/2019,1
lies,24/05/2019,1
5g,20/05/2019,1
huawei,31/05/2019,1
said,22/05/2019,1
challenge,18/05/2019,1
let,16/05/2019,1
blocks,21/05/2019,1
political,23/05/2019,1
telecom,30/05/2019,1
components,16/05/2019,1
chinese,17/05/2019,1
rhetoric,29/05/2019,1
announces,31/05/2019,1
crisis,21/05/2019,1
board,17/05/2019,1
customer,20/05/2019,1
day,20/05/2019,1
indefinitely,23/05/2019,1
another,22/05/2019,1
acting,17/05/2019,1
make,15/05/2019,1
rise,24/05/2019,1
huawei,22/05/2019,1
disclosing,31/05/2019,1
hits,22/05/2019,1
timed,21/05/2019,1
mr,15/05/2019,1
camp,16/05/2019,1
