id,type,sectionId,sectionName,webPublicationDate,webTitle,webUrl,apiUrl,isHosted,pillarId,pillarName
business/live/2019/may/31/markets-trump-shock-mexico-tariffs-trade-war-china-brexit-ftse-100-business-live,liveblog,business,Business,2019-05-31T14:49:51Z,Markets shaken as Trump announces shock Mexico tariffs – as it happened,https://www.theguardian.com/business/live/2019/may/31/markets-trump-shock-mexico-tariffs-trade-war-china-brexit-ftse-100-business-live,https://content.guardianapis.com/business/live/2019/may/31/markets-trump-shock-mexico-tariffs-trade-war-china-brexit-ftse-100-business-live,false,pillar/news,News
technology/2019/may/31/blackberry-shuts-down-bbm-messenger-citing-competition-as-cause,article,technology,Technology,2019-05-31T12:40:24Z,BlackBerry Messenger shuts down as owners blame lack of users,https://www.theguardian.com/technology/2019/may/31/blackberry-shuts-down-bbm-messenger-citing-competition-as-cause,https://content.guardianapis.com/technology/2019/may/31/blackberry-shuts-down-bbm-messenger-citing-competition-as-cause,false,pillar/news,News
technology/2019/may/31/oneplus-7-pro-review-an-absolute-beast-in-every-way,article,technology,Technology,2019-05-31T06:00:27Z,OnePlus 7 Pro review: an absolute beast in every way,https://www.theguardian.com/technology/2019/may/31/oneplus-7-pro-review-an-absolute-beast-in-every-way,https://content.guardianapis.com/technology/2019/may/31/oneplus-7-pro-review-an-absolute-beast-in-every-way,false,pillar/news,News
us-news/2019/may/30/john-bolton-present-evidence-next-week-iran-backed-gulf-attacks,article,us-news,US news,2019-05-30T22:24:55Z,"Evidence Iran was behind Gulf attacks to be presented to UN, John Bolton says",https://www.theguardian.com/us-news/2019/may/30/john-bolton-present-evidence-next-week-iran-backed-gulf-attacks,https://content.guardianapis.com/us-news/2019/may/30/john-bolton-present-evidence-next-week-iran-backed-gulf-attacks,false,pillar/news,News
business/live/2019/may/30/china-us-naked-economic-terrorism-trade-war-brexit-gdp-sterling-ftse-business-live,liveblog,business,Business,2019-05-30T14:14:28Z,China accuses US of 'naked economic terrorism' in trade dispute – as it happened,https://www.theguardian.com/business/live/2019/may/30/china-us-naked-economic-terrorism-trade-war-brexit-gdp-sterling-ftse-business-live,https://content.guardianapis.com/business/live/2019/may/30/china-us-naked-economic-terrorism-trade-war-brexit-gdp-sterling-ftse-business-live,false,pillar/news,News
world/2019/may/30/china-tells-us-provoking-trade-disputes-is-naked-economic-terrorism,article,world,World news,2019-05-30T05:19:55Z,China tells US provoking trade disputes is 'naked economic terrorism',https://www.theguardian.com/world/2019/may/30/china-tells-us-provoking-trade-disputes-is-naked-economic-terrorism,https://content.guardianapis.com/world/2019/may/30/china-tells-us-provoking-trade-disputes-is-naked-economic-terrorism,false,pillar/news,News
lifeandstyle/2019/may/30/i-dont-even-believe-in-astrology-so-why-am-i-addicted-to-this-horoscope-app,article,lifeandstyle,Life and style,2019-05-29T18:00:07Z,"I don’t even believe in astrology, so why am I addicted to this horoscope app? | Stephanie Convery",https://www.theguardian.com/lifeandstyle/2019/may/30/i-dont-even-believe-in-astrology-so-why-am-i-addicted-to-this-horoscope-app,https://content.guardianapis.com/lifeandstyle/2019/may/30/i-dont-even-believe-in-astrology-so-why-am-i-addicted-to-this-horoscope-app,false,pillar/lifestyle,Lifestyle
games/2019/may/29/pokemon-sleep-game-unveiled-that-turns-sleeping-into-entertainment,article,games,Games,2019-05-29T04:54:04Z,Pokémon Sleep: game unveiled that 'turns sleeping into entertainment',https://www.theguardian.com/games/2019/may/29/pokemon-sleep-game-unveiled-that-turns-sleeping-into-entertainment,https://content.guardianapis.com/games/2019/may/29/pokemon-sleep-game-unveiled-that-turns-sleeping-into-entertainment,false,pillar/arts,Arts
business/2019/may/28/how-has-brexit-vote-affected-the-uk-economy-may-verdict,article,business,Business,2019-05-28T13:39:22Z,How has Brexit vote affected the UK economy? May verdict,https://www.theguardian.com/business/2019/may/28/how-has-brexit-vote-affected-the-uk-economy-may-verdict,https://content.guardianapis.com/business/2019/may/28/how-has-brexit-vote-affected-the-uk-economy-may-verdict,false,pillar/news,News
music/2019/may/27/all-points-east-review-festival-victoria-park-london-chemical-brothers-christine-and-the-queens,article,music,Music,2019-05-27T11:05:12Z,All Points East review – blockbuster festival makes a muted return,https://www.theguardian.com/music/2019/may/27/all-points-east-review-festival-victoria-park-london-chemical-brothers-christine-and-the-queens,https://content.guardianapis.com/music/2019/may/27/all-points-east-review-festival-victoria-park-london-chemical-brothers-christine-and-the-queens,false,pillar/arts,Arts
australia-news/2019/may/27/scott-morrison-expected-to-get-a-whack-on-climate-change-on-solomons-visit,article,australia-news,Australia news,2019-05-27T08:26:15Z,Scott Morrison to sell Pacific 'step up' on Solomons visit as pressure builds over climate,https://www.theguardian.com/australia-news/2019/may/27/scott-morrison-expected-to-get-a-whack-on-climate-change-on-solomons-visit,https://content.guardianapis.com/australia-news/2019/may/27/scott-morrison-expected-to-get-a-whack-on-climate-change-on-solomons-visit,false,pillar/news,News
business/live/2019/may/24/trade-war-trump-huawei-us-china-deal-retail-sales-business-live,liveblog,business,Business,2019-05-24T17:04:50Z,Pound volatile  as no-deal Brexit risks rise - as it happened,https://www.theguardian.com/business/live/2019/may/24/trade-war-trump-huawei-us-china-deal-retail-sales-business-live,https://content.guardianapis.com/business/live/2019/may/24/trade-war-trump-huawei-us-china-deal-retail-sales-business-live,false,pillar/news,News
politics/2019/may/24/theresa-may-never-had-a-grip-on-the-crown-that-fell-into-her-lap,article,politics,Politics,2019-05-24T09:12:23Z,Theresa May never had a grip on the crown that fell into her lap,https://www.theguardian.com/politics/2019/may/24/theresa-may-never-had-a-grip-on-the-crown-that-fell-into-her-lap,https://content.guardianapis.com/politics/2019/may/24/theresa-may-never-had-a-grip-on-the-crown-that-fell-into-her-lap,false,pillar/news,News
world/2019/may/24/friday-briefing-is-this-mays-brexit-exit,article,world,World news,2019-05-24T05:17:02Z,Friday briefing: Is this May's Brexit exit?,https://www.theguardian.com/world/2019/may/24/friday-briefing-is-this-mays-brexit-exit,https://content.guardianapis.com/world/2019/may/24/friday-briefing-is-this-mays-brexit-exit,false,pillar/news,News
business/2019/may/23/global-markets-rocked-as-us-china-trade-and-tech-rift-deepens,article,business,Business,2019-05-24T03:44:53Z,Global markets rocked as US-China trade and tech rift deepens,https://www.theguardian.com/business/2019/may/23/global-markets-rocked-as-us-china-trade-and-tech-rift-deepens,https://content.guardianapis.com/business/2019/may/23/global-markets-rocked-as-us-china-trade-and-tech-rift-deepens,false,pillar/news,News
business/live/2019/may/23/trade-war-china-us-fight-panasonic-huawei-business-live,liveblog,business,Business,2019-05-23T20:46:30Z,Wall Street joins market selloff as trade war hits US economy - as it happened,https://www.theguardian.com/business/live/2019/may/23/trade-war-china-us-fight-panasonic-huawei-business-live,https://content.guardianapis.com/business/live/2019/may/23/trade-war-china-us-fight-panasonic-huawei-business-live,false,pillar/news,News
news/2019/may/23/corrections-and-clarifications,article,news,News,2019-05-23T20:00:10Z,Corrections and clarifications,https://www.theguardian.com/news/2019/may/23/corrections-and-clarifications,https://content.guardianapis.com/news/2019/may/23/corrections-and-clarifications,false,pillar/news,News
us-news/2019/may/23/us-briefing-india-election-trumps-bank-records-and-extinction-crisis,article,us-news,US news,2019-05-23T10:32:30Z,"US briefing: India election, Trump's bank records and an extinction crisis",https://www.theguardian.com/us-news/2019/may/23/us-briefing-india-election-trumps-bank-records-and-extinction-crisis,https://content.guardianapis.com/us-news/2019/may/23/us-briefing-india-election-trumps-bank-records-and-extinction-crisis,false,pillar/news,News
world/2019/may/23/fight-to-end-china-media-ramps-up-rhetoric-us-trade-war,article,world,World news,2019-05-23T10:06:14Z,'We'll fight to the end': China's media ramps up rhetoric in US trade war,https://www.theguardian.com/world/2019/may/23/fight-to-end-china-media-ramps-up-rhetoric-us-trade-war,https://content.guardianapis.com/world/2019/may/23/fight-to-end-china-media-ramps-up-rhetoric-us-trade-war,false,pillar/news,News
world/2019/may/23/thursday-briefing-theresa-may-faces-the-final-curtain,article,world,World news,2019-05-23T05:36:52Z,Thursday briefing: Theresa May faces the final curtain,https://www.theguardian.com/world/2019/may/23/thursday-briefing-theresa-may-faces-the-final-curtain,https://content.guardianapis.com/world/2019/may/23/thursday-briefing-theresa-may-faces-the-final-curtain,false,pillar/news,News
technology/2019/may/23/huawei-markets-slide-as-panasonic-joins-list-of-firms-cut-ties,article,technology,Technology,2019-05-23T04:43:58Z,Markets slide as Panasonic joins list of firms walking away from Huawei,https://www.theguardian.com/technology/2019/may/23/huawei-markets-slide-as-panasonic-joins-list-of-firms-cut-ties,https://content.guardianapis.com/technology/2019/may/23/huawei-markets-slide-as-panasonic-joins-list-of-firms-cut-ties,false,pillar/news,News
business/live/2019/may/22/trade-war-china-us-blacklist-uk-inflation-public-finances-british-steel-business-live,liveblog,business,Business,2019-05-22T18:59:35Z,Pound hits lowest level since early January as Brexit crisis rages - as it happened,https://www.theguardian.com/business/live/2019/may/22/trade-war-china-us-blacklist-uk-inflation-public-finances-british-steel-business-live,https://content.guardianapis.com/business/live/2019/may/22/trade-war-china-us-blacklist-uk-inflation-public-finances-british-steel-business-live,false,pillar/news,News
business/2019/may/22/ee-drops-huawei-phones-from-5g-network-launch-lineup,article,technology,Technology,2019-05-22T18:09:17Z,EE and Vodafone drop Huawei phones from 5G network launch,https://www.theguardian.com/business/2019/may/22/ee-drops-huawei-phones-from-5g-network-launch-lineup,https://content.guardianapis.com/business/2019/may/22/ee-drops-huawei-phones-from-5g-network-launch-lineup,false,pillar/news,News
world/2019/may/22/us-may-blacklist-chinese-surveillance-kit-firm-hikvision-reports,article,world,World news,2019-05-22T06:59:18Z,US 'could blacklist' Chinese surveillance kit firm Hikvision,https://www.theguardian.com/world/2019/may/22/us-may-blacklist-chinese-surveillance-kit-firm-hikvision-reports,https://content.guardianapis.com/world/2019/may/22/us-may-blacklist-chinese-surveillance-kit-firm-hikvision-reports,false,pillar/news,News
world/2019/may/22/wednesday-briefing-boris-johnson-looms-as-mays-new-deal-flops,article,world,World news,2019-05-22T05:27:37Z,Wednesday briefing: Boris Johnson looms as May's 'new deal' flops,https://www.theguardian.com/world/2019/may/22/wednesday-briefing-boris-johnson-looms-as-mays-new-deal-flops,https://content.guardianapis.com/world/2019/may/22/wednesday-briefing-boris-johnson-looms-as-mays-new-deal-flops,false,pillar/news,News
business/live/2019/may/21/trade-war-markets-huawei-oecd-donald-trump-business-live,liveblog,business,Business,2019-05-21T18:21:05Z,UK factories hit by falling orders; Jamie Oliver restaurant crisis - as it happened,https://www.theguardian.com/business/live/2019/may/21/trade-war-markets-huawei-oecd-donald-trump-business-live,https://content.guardianapis.com/business/live/2019/may/21/trade-war-markets-huawei-oecd-donald-trump-business-live,false,pillar/news,News
technology/2019/may/21/honor-20-launch-huawei-quad-camera-phone,article,technology,Technology,2019-05-21T14:46:14Z,Honor 20: Huawei Android phone launch defies Donald Trump,https://www.theguardian.com/technology/2019/may/21/honor-20-launch-huawei-quad-camera-phone,https://content.guardianapis.com/technology/2019/may/21/honor-20-launch-huawei-quad-camera-phone,false,pillar/news,News
us-news/2019/may/21/us-briefing-trump-blocks-mcgahn-testimony-huawei-and-niki-lauda,article,us-news,US news,2019-05-21T10:16:16Z,"US briefing: Trump blocks McGahn testimony, Huawei and Niki Lauda",https://www.theguardian.com/us-news/2019/may/21/us-briefing-trump-blocks-mcgahn-testimony-huawei-and-niki-lauda,https://content.guardianapis.com/us-news/2019/may/21/us-briefing-trump-blocks-mcgahn-testimony-huawei-and-niki-lauda,false,pillar/news,News
business/2019/may/21/huawei-analysis-us-china-trade-skirmishes-obscure-the-start-of-tech-cold-war,article,business,Business,2019-05-21T05:50:51Z,US-China trade skirmishes obscure the start of tech cold war,https://www.theguardian.com/business/2019/may/21/huawei-analysis-us-china-trade-skirmishes-obscure-the-start-of-tech-cold-war,https://content.guardianapis.com/business/2019/may/21/huawei-analysis-us-china-trade-skirmishes-obscure-the-start-of-tech-cold-war,false,pillar/news,News
world/2019/may/21/tuesday-briefing-oxford-bridges-gap-for-deprived-students,article,world,World news,2019-05-21T05:32:54Z,Tuesday briefing: Oxford bridges gap for deprived students,https://www.theguardian.com/world/2019/may/21/tuesday-briefing-oxford-bridges-gap-for-deprived-students,https://content.guardianapis.com/world/2019/may/21/tuesday-briefing-oxford-bridges-gap-for-deprived-students,false,pillar/news,News
technology/2019/may/21/there-will-be-conflict-huawei-founder-says-us-underestimates-companys-strength,article,technology,Technology,2019-05-21T03:29:47Z,"'There will be conflict': US has underestimated Huawei, says founder",https://www.theguardian.com/technology/2019/may/21/there-will-be-conflict-huawei-founder-says-us-underestimates-companys-strength,https://content.guardianapis.com/technology/2019/may/21/there-will-be-conflict-huawei-founder-says-us-underestimates-companys-strength,false,pillar/news,News
technology/2019/may/20/trump-us-ban-huawei-google-trade-war,article,technology,Technology,2019-05-21T00:26:53Z,"US ban on Huawei a ‘cynically timed’ blow in escalating trade war, says firm",https://www.theguardian.com/technology/2019/may/20/trump-us-ban-huawei-google-trade-war,https://content.guardianapis.com/technology/2019/may/20/trump-us-ban-huawei-google-trade-war,false,pillar/news,News
australia-news/2019/may/21/morning-mail-iran-mocks-trump-labor-rethink-uk-tories-in-meltdown,article,australia-news,Australia news,2019-05-20T21:00:14Z,"Morning mail: Iran mocks Trump, Labor rethink, UK Tories in revolt",https://www.theguardian.com/australia-news/2019/may/21/morning-mail-iran-mocks-trump-labor-rethink-uk-tories-in-meltdown,https://content.guardianapis.com/australia-news/2019/may/21/morning-mail-iran-mocks-trump-labor-rethink-uk-tories-in-meltdown,false,pillar/news,News
politics/2019/may/20/esther-mcvey-leadership-bid-working-class-pitch-tories-food-banks,article,politics,Politics,2019-05-20T18:30:41Z,A working-class hero pitch from the Tories' chief food bank apologist | John Crace,https://www.theguardian.com/politics/2019/may/20/esther-mcvey-leadership-bid-working-class-pitch-tories-food-banks,https://content.guardianapis.com/politics/2019/may/20/esther-mcvey-leadership-bid-working-class-pitch-tories-food-banks,false,pillar/news,News
commentisfree/2019/may/20/the-guardian-view-on-google-versus-huawei-no-winners,article,commentisfree,Opinion,2019-05-20T17:35:30Z,The Guardian view on Google versus Huawei: no winners | Editorial,https://www.theguardian.com/commentisfree/2019/may/20/the-guardian-view-on-google-versus-huawei-no-winners,https://content.guardianapis.com/commentisfree/2019/may/20/the-guardian-view-on-google-versus-huawei-no-winners,false,pillar/opinion,Opinion
politics/live/2019/may/20/brexit-latest-news-developments-may-fresh-bid-to-get-tories-to-back-brexit-bill-faltering-as-david-davis-says-hes-now-voting-against-live-news,liveblog,politics,Politics,2019-05-20T16:30:58Z,Farage says remainers have been 'radicalised' after he is hit with milkshake - live news,https://www.theguardian.com/politics/live/2019/may/20/brexit-latest-news-developments-may-fresh-bid-to-get-tories-to-back-brexit-bill-faltering-as-david-davis-says-hes-now-voting-against-live-news,https://content.guardianapis.com/politics/live/2019/may/20/brexit-latest-news-developments-may-fresh-bid-to-get-tories-to-back-brexit-bill-faltering-as-david-davis-says-hes-now-voting-against-live-news,false,pillar/news,News
business/live/2019/may/20/oil-prices-rise-opec-production-cuts-trump-iran-threats-business-live,liveblog,business,Business,2019-05-20T14:20:53Z,US stocks fall as Google block on Huawei adds to trade tensions – as it happened,https://www.theguardian.com/business/live/2019/may/20/oil-prices-rise-opec-production-cuts-trump-iran-threats-business-live,https://content.guardianapis.com/business/live/2019/may/20/oil-prices-rise-opec-production-cuts-trump-iran-threats-business-live,false,pillar/news,News
politics/2019/may/20/sajid-javid-announces-overhaul-of-espionage-and-treason-laws,article,politics,Politics,2019-05-20T11:58:38Z,Sajid Javid announces overhaul of espionage and treason laws,https://www.theguardian.com/politics/2019/may/20/sajid-javid-announces-overhaul-of-espionage-and-treason-laws,https://content.guardianapis.com/politics/2019/may/20/sajid-javid-announces-overhaul-of-espionage-and-treason-laws,false,pillar/news,News
technology/2019/may/20/huawei-blockade-do-i-need-to-stop-using-my-android-phone,article,technology,Technology,2019-05-20T10:27:54Z,Huawei blockade: do I need to stop using my Android phone?,https://www.theguardian.com/technology/2019/may/20/huawei-blockade-do-i-need-to-stop-using-my-android-phone,https://content.guardianapis.com/technology/2019/may/20/huawei-blockade-do-i-need-to-stop-using-my-android-phone,false,pillar/news,News
commentisfree/2019/may/20/google-huawei-ban-tech-giants-donald-trump-blacklist,article,commentisfree,Opinion,2019-05-20T10:21:16Z,Google’s Huawei ban is good news: tech giants shouldn’t always get their way | Simon Jenkins,https://www.theguardian.com/commentisfree/2019/may/20/google-huawei-ban-tech-giants-donald-trump-blacklist,https://content.guardianapis.com/commentisfree/2019/may/20/google-huawei-ban-tech-giants-donald-trump-blacklist,false,pillar/opinion,Opinion
us-news/2019/may/20/us-briefing-trump-goads-iran-huawei-block-and-game-of-thrones-finale,article,us-news,US news,2019-05-20T09:44:33Z,"US briefing: Trump goads Iran, Huawei block and Game of Thrones finale",https://www.theguardian.com/us-news/2019/may/20/us-briefing-trump-goads-iran-huawei-block-and-game-of-thrones-finale,https://content.guardianapis.com/us-news/2019/may/20/us-briefing-trump-goads-iran-huawei-block-and-game-of-thrones-finale,false,pillar/news,News
world/2019/may/20/monday-briefing-dirty-money-could-reach-farage-party-brown-says,article,world,World news,2019-05-20T05:13:47Z,"Monday briefing: 'Dirty money' could reach Farage party, Brown says",https://www.theguardian.com/world/2019/may/20/monday-briefing-dirty-money-could-reach-farage-party-brown-says,https://content.guardianapis.com/world/2019/may/20/monday-briefing-dirty-money-could-reach-farage-party-brown-says,false,pillar/news,News
commentisfree/2019/may/19/as-surveillance-culture-grows-can-we-even-hope-to-escape-its-reach,article,commentisfree,Opinion,2019-05-19T05:40:02Z,"As surveillance culture grows, can we even hope to escape its reach?  | Kenan Malik",https://www.theguardian.com/commentisfree/2019/may/19/as-surveillance-culture-grows-can-we-even-hope-to-escape-its-reach,https://content.guardianapis.com/commentisfree/2019/may/19/as-surveillance-culture-grows-can-we-even-hope-to-escape-its-reach,false,pillar/opinion,Opinion
us-news/live/2019/may/17/trump-news-today-latest-live-abortion-rights-alabama-elizabeth-warren-2020,liveblog,us-news,US news,2019-05-18T00:02:55Z,Missouri House passes extreme eight-week abortion ban – as it happened,https://www.theguardian.com/us-news/live/2019/may/17/trump-news-today-latest-live-abortion-rights-alabama-elizabeth-warren-2020,https://content.guardianapis.com/us-news/live/2019/may/17/trump-news-today-latest-live-abortion-rights-alabama-elizabeth-warren-2020,false,pillar/news,News
technology/2019/may/17/google-pixel-3a-xl-review-camera-android-software,article,technology,Technology,2019-05-17T06:00:09Z,Pixel 3a XL review: the cheaper Google phone to buy,https://www.theguardian.com/technology/2019/may/17/google-pixel-3a-xl-review-camera-android-software,https://content.guardianapis.com/technology/2019/may/17/google-pixel-3a-xl-review-camera-android-software,false,pillar/news,News
world/2019/may/17/european-companies-cant-compete-against-global-giants,article,world,World news,2019-05-17T06:00:09Z,European companies can't compete against global giants,https://www.theguardian.com/world/2019/may/17/european-companies-cant-compete-against-global-giants,https://content.guardianapis.com/world/2019/may/17/european-companies-cant-compete-against-global-giants,false,pillar/news,News
business/live/2019/may/16/trade-war-markets-huawei-us-blacklist-donald-trump-china-business-live,liveblog,business,Business,2019-05-16T20:05:22Z,Trade war: China blasts US over Huawei blacklisting – as it happened,https://www.theguardian.com/business/live/2019/may/16/trade-war-markets-huawei-us-blacklist-donald-trump-china-business-live,https://content.guardianapis.com/business/live/2019/may/16/trade-war-markets-huawei-us-blacklist-donald-trump-china-business-live,false,pillar/news,News
politics/live/2019/may/16/brexit-latest-news-theresa-may-1922-faces-showdown-with-1922-committee-over-timetable-for-her-resignation-live-news,liveblog,politics,Politics,2019-05-16T16:35:54Z,May agrees to set departure date after Brexit bill vote as Johnson announces leadership bid – as it happened,https://www.theguardian.com/politics/live/2019/may/16/brexit-latest-news-theresa-may-1922-faces-showdown-with-1922-committee-over-timetable-for-her-resignation-live-news,https://content.guardianapis.com/politics/live/2019/may/16/brexit-latest-news-theresa-may-1922-faces-showdown-with-1922-committee-over-timetable-for-her-resignation-live-news,false,pillar/news,News
business/2019/may/16/how-other-countries-are-responding-to-trump-huawei-threat,article,business,Business,2019-05-16T12:29:24Z,How other countries are responding to Trump's Huawei threat,https://www.theguardian.com/business/2019/may/16/how-other-countries-are-responding-to-trump-huawei-threat,https://content.guardianapis.com/business/2019/may/16/how-other-countries-are-responding-to-trump-huawei-threat,false,pillar/news,News
technology/2019/may/16/huawei-poses-security-threat-to-uk-says-former-mi6-chief,article,technology,Technology,2019-05-16T10:08:15Z,"Huawei poses security threat to UK, says former MI6 chief",https://www.theguardian.com/technology/2019/may/16/huawei-poses-security-threat-to-uk-says-former-mi6-chief,https://content.guardianapis.com/technology/2019/may/16/huawei-poses-security-threat-to-uk-says-former-mi6-chief,false,pillar/news,News
us-news/2019/may/16/us-briefing-alabama-backlash-huawei-and-camp-fire-investigation,article,us-news,US news,2019-05-16T10:00:30Z,"US briefing: Alabama backlash, Huawei and Camp fire investigation",https://www.theguardian.com/us-news/2019/may/16/us-briefing-alabama-backlash-huawei-and-camp-fire-investigation,https://content.guardianapis.com/us-news/2019/may/16/us-briefing-alabama-backlash-huawei-and-camp-fire-investigation,false,pillar/news,News
world/2019/may/16/thursday-briefing-may-sliding-towards-hard-exit,article,world,World news,2019-05-16T05:24:43Z,Thursday briefing: May sliding towards hard exit,https://www.theguardian.com/world/2019/may/16/thursday-briefing-may-sliding-towards-hard-exit,https://content.guardianapis.com/world/2019/may/16/thursday-briefing-may-sliding-towards-hard-exit,false,pillar/news,News
us-news/live/2019/may/15/alabama-abortion-ban-bill-live-trump-news-today-protests-us-politics-latest-updates,liveblog,us-news,US news,2019-05-16T00:35:39Z,Alabama abortion ban: governor signs bill into law – live,https://www.theguardian.com/us-news/live/2019/may/15/alabama-abortion-ban-bill-live-trump-news-today-protests-us-politics-latest-updates,https://content.guardianapis.com/us-news/live/2019/may/15/alabama-abortion-ban-bill-live-trump-news-today-protests-us-politics-latest-updates,false,pillar/news,News
business/live/2019/may/15/germany-growth-gdp-markets-trade-war-us-china-business-live,liveblog,business,Business,2019-05-15T20:07:21Z,Germany returns to growth; relief as Trump ‘delays car tariffs’ - as it happened,https://www.theguardian.com/business/live/2019/may/15/germany-growth-gdp-markets-trade-war-us-china-business-live,https://content.guardianapis.com/business/live/2019/may/15/germany-growth-gdp-markets-trade-war-us-china-business-live,false,pillar/news,News
games/2019/may/15/game-of-thrones-video-games,article,games,Games,2019-05-15T08:30:04Z,"Sex, dragons and dirty tricks – video games for Game of Thrones fans",https://www.theguardian.com/games/2019/may/15/game-of-thrones-video-games,https://content.guardianapis.com/games/2019/may/15/game-of-thrones-video-games,false,pillar/arts,Arts
politics/live/2019/may/14/brexit-latest-news-developments-tories-should-form-electoral-pact-with-brexit-party-at-next-general-election-says-senior-mp-live-news,liveblog,politics,Politics,2019-05-14T22:13:34Z,"May to bring Brexit bill to parliament in week of 3 June, says No 10 – as it happened",https://www.theguardian.com/politics/live/2019/may/14/brexit-latest-news-developments-tories-should-form-electoral-pact-with-brexit-party-at-next-general-election-says-senior-mp-live-news,https://content.guardianapis.com/politics/live/2019/may/14/brexit-latest-news-developments-tories-should-form-electoral-pact-with-brexit-party-at-next-general-election-says-senior-mp-live-news,false,pillar/news,News
technology/2019/may/14/oneplus-7-pro-phone-launch-massive-screen-and-pop-up-camera,article,technology,Technology,2019-05-14T16:00:37Z,OnePlus 7 Pro phone launch: massive screen and pop-up camera,https://www.theguardian.com/technology/2019/may/14/oneplus-7-pro-phone-launch-massive-screen-and-pop-up-camera,https://content.guardianapis.com/technology/2019/may/14/oneplus-7-pro-phone-launch-massive-screen-and-pop-up-camera,false,pillar/news,News
technology/2019/may/14/huawei-founder-shut-down-china-eavesdrop,article,technology,Technology,2019-05-14T14:16:29Z,Huawei 'prepared to sign no-spy agreement with UK government',https://www.theguardian.com/technology/2019/may/14/huawei-founder-shut-down-china-eavesdrop,https://content.guardianapis.com/technology/2019/may/14/huawei-founder-shut-down-china-eavesdrop,false,pillar/news,News
technology/2019/may/14/whatsapp-hack-have-i-been-affected-and-what-should-i-do,article,technology,Technology,2019-05-14T10:27:52Z,WhatsApp hack: have I been affected and what should I do?,https://www.theguardian.com/technology/2019/may/14/whatsapp-hack-have-i-been-affected-and-what-should-i-do,https://content.guardianapis.com/technology/2019/may/14/whatsapp-hack-have-i-been-affected-and-what-should-i-do,false,pillar/news,News
business/2019/may/14/vodafone-payout-shareholders-5g-costs-loss,article,business,Business,2019-05-14T09:42:40Z,Vodafone slashes payout to shareholders as 5G costs bite,https://www.theguardian.com/business/2019/may/14/vodafone-payout-shareholders-5g-costs-loss,https://content.guardianapis.com/business/2019/may/14/vodafone-payout-shareholders-5g-costs-loss,false,pillar/news,News
politics/2019/may/14/brexit-talks-labour-blind-alley-senior-tories-may,article,politics,Politics,2019-05-14T09:13:28Z,"Brexit talks with Labour are blind alley, senior Tories tell May",https://www.theguardian.com/politics/2019/may/14/brexit-talks-labour-blind-alley-senior-tories-may,https://content.guardianapis.com/politics/2019/may/14/brexit-talks-labour-blind-alley-senior-tories-may,false,pillar/news,News
technology/2019/may/14/google-pixel-3a-review-camera-software-bzttery-android,article,technology,Technology,2019-05-14T05:00:27Z,Pixel 3a review: the people’s Google phone?,https://www.theguardian.com/technology/2019/may/14/google-pixel-3a-review-camera-software-bzttery-android,https://content.guardianapis.com/technology/2019/may/14/google-pixel-3a-review-camera-software-bzttery-android,false,pillar/news,News
politics/2019/may/13/top-tories-under-pressure-to-oppose-mays-brexit-deal,article,politics,Politics,2019-05-14T04:59:46Z,Senior Tories press May to abandon Brexit deal talks with Labour,https://www.theguardian.com/politics/2019/may/13/top-tories-under-pressure-to-oppose-mays-brexit-deal,https://content.guardianapis.com/politics/2019/may/13/top-tories-under-pressure-to-oppose-mays-brexit-deal,false,pillar/news,News
